state,year,seatbelt_avg,exercise_avg,smoke_avg,drink_avg,checkup_avg,healthcare_avg,weight_avg,height_avg
AL,2006,4.759780149,0.679657795,0.482813495,0.339496334,3.612524462,0.870599429,176.9034199,5.547392865
AL,2007,2.252525253,0.698191214,0.285492228,0.332901135,3.505336179,0.826783868,236.3834625,5.815633075
AL,2008,4.804145585,0.667851373,0.455913283,0.332901135,3.627699918,0.881306598,178.8591481,5.542271701
AL,2010,4.819708847,0.657804105,0.45824115,0.303126729,3.653150608,0.877984817,178.6417664,5.537201357
AL,2011,4.815211268,0.65389456,0.477958237,0.347455176,3.626857381,0.868984322,179.0559108,5.545435995
AL,2012,4.824926858,0.704335793,0.453412532,0.342498222,3.630709312,0.878924284,180.7048255,5.54311106
AL,2013,4.831329382,0.665939597,0.455031599,0.34207937,3.632396208,0.892120825,181.1109694,5.54513446
AL,2014,4.827279559,0.704100256,0.453663391,0.353855799,3.625078135,0.906489711,181.0025513,5.553851294
AL,2015,4.817008798,0.669076189,0.449305269,0.370658516,3.612267402,0.910282394,182.7966878,5.565717427
AL,2016,4.767039194,0.693070818,0.450715174,0.399590487,3.602682052,0.901862027,184.274056,5.574401137
AL,2017,4.80403212,0.653540646,0.444190601,0.3890088,3.596942095,0.896689589,184.7826849,5.581234056
AK,2006,4.543103448,0.769646365,0.545409674,0.566831683,3.245253976,0.83810464,178.2303922,5.592728758
AK,2007,2.636363636,0.812304484,0.311578947,0.552734375,3.150054765,0.839958159,256.144641,6.475026015
AK,2008,4.604977921,0.750097618,0.534321373,0.552734375,3.268412439,0.853629977,180.3090062,5.592682453
AK,2010,4.630853994,0.758271078,0.493040685,0.551576697,3.328291317,0.826552463,178.6420605,5.575898389
AK,2011,4.638550353,0.770481551,0.524364723,0.58485139,3.293498452,0.838863976,179.9845652,5.599436034
AK,2012,4.585298545,0.801891368,0.486366986,0.555858311,3.360204082,0.841119221,179.0208081,5.58786999
AK,2013,4.624541677,0.772422062,0.504932324,0.554138651,3.223216334,0.847894975,179.9975259,5.593960864
AK,2014,4.690493919,0.821934245,0.476015663,0.575,3.315828041,0.897708082,180.4843039,5.598390447
AK,2015,4.574307305,0.775909508,0.474551339,0.543504172,3.241185185,0.891481914,181.3198956,5.583768368
AK,2016,4.63393529,0.797312023,0.495934959,0.557174888,3.264401773,0.916666667,182.4230769,5.595609579
AK,2017,4.563120567,0.767875648,0.476763624,0.568259386,3.24122807,0.918642951,183.2492621,5.596124412
AZ,2006,4.703172738,0.757942857,0.491280404,0.508998616,3.496966869,0.856587374,170.3257247,5.538860991
AZ,2007,2.470588235,0.770614693,0.261851016,0.498937677,3.442040185,0.791572611,261.2271364,6.047976012
AZ,2008,4.73010195,0.730010567,0.486314674,0.498937677,3.487262873,0.881523272,171.6120295,5.527597022
AZ,2010,4.746052632,0.747096774,0.483817274,0.481584305,3.464004499,0.900664697,171.9514081,5.532977483
AZ,2011,4.765164645,0.75443686,0.488698235,0.533995816,3.482262383,0.895083046,171.5948911,5.541605262
AZ,2012,4.773042169,0.766850668,0.481203008,0.515205459,3.4807892,0.879413047,172.6211243,5.554959915
AZ,2013,4.777260274,0.736047452,0.486659826,0.522580645,3.451135494,0.876715747,173.3359045,5.561167786
AZ,2014,4.795543604,0.779161206,0.467224862,0.520516717,3.566214111,0.934213405,174.6746568,5.553243263
AZ,2015,4.802528133,0.764411408,0.445210398,0.51072153,3.57296291,0.92889327,174.1102704,5.553290365
AZ,2016,4.796758105,0.747701839,0.455027534,0.516384181,3.58017908,0.944655725,175.0770611,5.562572691
AZ,2017,4.805720912,0.753560277,0.437776971,0.533614378,3.530497477,0.92514014,177.3437257,5.574743726
AR,2006,4.512629162,0.693408663,0.505008505,0.369067877,3.351930502,0.851481412,174.6510534,5.563174066
AR,2007,2.012048193,0.745602165,0.310554804,0.359529587,3.167128988,0.791751183,239.3470628,6.208192663
AR,2008,4.591140434,0.663690476,0.500093231,0.359529587,3.440304183,0.868901304,177.3450325,5.551655834
AR,2010,4.695455753,0.663702929,0.487945493,0.343979058,3.4224,0.877940408,177.6156454,5.557627119
AR,2011,4.712695405,0.653314594,0.498667259,0.352196753,3.448353631,0.874473276,177.66195,5.540920481
AR,2012,4.687513029,0.66200891,0.498251389,0.355252275,3.482642542,0.848042199,179.7573247,5.554809052
AR,2013,4.72588722,0.636733819,0.493650143,0.341408335,3.517234262,0.859253344,180.1493636,5.55230708
AR,2014,4.749892009,0.657242368,0.493711362,0.342765273,3.563551203,0.91846819,180.4000818,5.542442217
AR,2015,4.765553522,0.63016158,0.473695331,0.332908975,3.615943578,0.9405529,180.5188406,5.546583851
AR,2016,4.729891188,0.645035023,0.479144833,0.340304183,3.659119763,0.952773768,181.2438824,5.551768456
AR,2017,4.791888298,0.636781106,0.473607038,0.351093186,3.660263103,0.951219512,179.9546846,5.538902497
CA,2006,4.89107413,0.792169777,0.433461468,0.575897816,3.440769806,0.894197327,168.9416606,5.536485004
CA,2007,3.017241379,0.775489704,0.257674887,0.557086794,3.381100727,0.836263184,245.5670517,6.016658296
CA,2008,4.910139535,0.776331148,0.422437798,0.557086794,3.495005956,0.894382022,169.1888859,5.526094503
CA,2010,4.901593726,0.79560309,0.415440722,0.555413625,3.495169082,0.890685371,169.4250238,5.522447323
CA,2011,4.910828843,0.814832827,0.412918243,0.581046257,3.469121914,0.883849558,169.5111615,5.534739178
CA,2012,4.910223403,0.810461538,0.402760535,0.573759844,3.457872467,0.848989125,170.2796122,5.541244503
CA,2013,4.90459708,0.798403602,0.386754446,0.581041968,3.419950504,0.869719295,170.4902235,5.543916822
CA,2014,4.912420862,0.795321637,0.387881926,0.581084919,3.466329754,0.890218069,172.317279,5.564630917
CA,2015,4.907462391,0.811448463,0.367674332,0.570765027,3.452265301,0.907568131,172.7217609,5.559382748
CA,2016,4.90243395,0.807297168,0.365017099,0.571268922,3.478171696,0.911917597,172.247673,5.558959473
CA,2017,4.919734219,0.815517687,0.359980502,0.604006926,3.467919559,0.912782486,173.2080938,5.572981427
CO,2006,4.732298912,0.832985749,0.453532892,0.617776992,3.356850897,0.888405292,168.3329861,5.590292245
CO,2007,3.354545455,0.855993564,0.363978495,0.615499813,3.220324979,0.844110545,246.5018767,6.914655943
CO,2008,4.753744701,0.807537012,0.464478417,0.615499813,3.409997243,0.905001347,167.531236,5.576260046
CO,2010,4.763500047,0.801930189,0.464013778,0.580605833,3.398921833,0.897324657,170.1446977,5.574976725
CO,2011,4.775953128,0.828590121,0.470008536,0.617505398,3.393900889,0.896303743,170.5399861,5.581733117
CO,2012,4.744131455,0.83161068,0.457663644,0.607873165,3.37732342,0.881677742,170.5371183,5.587175627
CO,2013,4.759284497,0.818466221,0.449479636,0.608534476,3.388112998,0.887265947,170.5393545,5.589731187
CO,2014,4.759419288,0.837207445,0.437017333,0.606089357,3.438904379,0.925320513,171.3086499,5.587276572
CO,2015,4.767407544,0.818422012,0.448691099,0.590306436,3.438689308,0.92737709,171.9438184,5.588636615
CO,2016,4.768292683,0.841289844,0.421230455,0.615817418,3.454815153,0.941534804,172.9404101,5.598576258
CO,2017,4.807015369,0.819502586,0.420939147,0.62801698,3.416996718,0.936047158,173.5732329,5.601152227
CT,2006,4.744225499,0.7705231,0.491057741,0.6095592,3.592320577,0.922125924,167.9028608,5.533545243
CT,2007,2.757575758,0.812715623,0.328888889,0.616154643,3.460420842,0.913708087,235.6012814,7.101609989
CT,2008,4.78375087,0.748065348,0.489302968,0.616154643,3.57455683,0.939425228,168.9055632,5.52179201
CT,2010,4.81689243,0.752428706,0.46659313,0.610534591,3.614287977,0.928817811,168.9843481,5.514751917
CT,2011,4.817766166,0.75384369,0.471404083,0.650343924,3.574564842,0.915863142,170.3434109,5.524405685
CT,2012,4.812857498,0.771794253,0.475582822,0.635273761,3.596264192,0.92037216,172.6376567,5.547442543
CT,2013,4.831205887,0.754401539,0.466723068,0.620091064,3.614659831,0.926929957,173.5582258,5.544928133
CT,2014,4.851552155,0.793021633,0.461527357,0.636945455,3.636851016,0.957768144,173.7990517,5.551724539
CT,2015,4.845906736,0.76911315,0.448279168,0.629942679,3.652108856,0.959684162,173.1434924,5.542542844
CT,2016,4.844823995,0.789627686,0.447476405,0.636710689,3.684371184,0.967155129,174.306141,5.549922692
CT,2017,4.86918239,0.775081819,0.431648447,0.643352029,3.664362438,0.954122622,174.7367257,5.555722363
DE,2006,4.781501689,0.755429162,0.510875194,0.549831737,3.638591917,0.926242236,174.8123061,5.555261117
DE,2007,2.632653061,0.78541492,0.336134454,0.519832985,3.625528318,0.921074727,239.3755239,6.619446773
DE,2008,4.858040859,0.7265625,0.50326456,0.519832985,3.731668857,0.94296875,174.2563102,5.521445919
DE,2010,4.882220555,0.730826693,0.493756244,0.532884903,3.725790266,0.934479322,174.7610047,5.524164801
DE,2011,4.877852349,0.724376114,0.513501549,0.572237319,3.719446922,0.922379478,176.5917016,5.548204958
DE,2012,4.87973138,0.757600161,0.485945399,0.543813387,3.732019504,0.921726851,175.3451399,5.549205071
DE,2013,4.868636756,0.711715571,0.476280042,0.549579832,3.675642088,0.921528348,177.857026,5.548254585
DE,2014,4.881303336,0.735911044,0.474580645,0.512973534,3.675807278,0.946383409,179.6813824,5.543495627
DE,2015,4.877461064,0.700522345,0.486328125,0.516310461,3.683022024,0.942481512,179.3683779,5.559917167
DE,2016,4.862314709,0.706222467,0.47879809,0.544833476,3.69301676,0.942896552,181.1762926,5.568413091
DE,2017,4.871377883,0.68957484,0.449466592,0.538615561,3.670946135,0.923835616,181.4476347,5.565604776
DC,2006,4.805745554,0.792348285,0.42936803,0.621571238,3.648266667,0.939297968,169.1231215,5.572963354
DC,2007,3.225806452,0.795586527,0.361207898,0.632898696,3.568581477,0.936194896,226.0777262,6.68474478
DC,2008,4.834733894,0.8005,0.441597589,0.632898696,3.628448494,0.949674512,169.0109945,5.56071964
DC,2010,4.839543106,0.798839968,0.441028359,0.633333333,3.683004795,0.952807804,168.4122761,5.562961012
DC,2011,4.799753695,0.802786452,0.445422943,0.645812808,3.666666667,0.950944265,170.8876895,5.55688256
DC,2012,4.853152894,0.809208712,0.429980276,0.623936472,3.673338894,0.946512269,170.480473,5.558855886
DC,2013,4.860487569,0.809849199,0.428666519,0.623455403,3.657118243,0.956484642,171.5360715,5.566982337
DC,2014,4.83248731,0.795171133,0.419097413,0.622025457,3.698395722,0.96791302,172.3019566,5.563766966
DC,2015,4.832970451,0.790669494,0.435547984,0.611714286,3.742801772,0.970280682,172.087064,5.557676463
DC,2016,4.841886681,0.81695013,0.389815628,0.607131972,3.766559673,0.964213564,176.5033074,5.591506088
DC,2017,4.821639151,0.742798953,0.377172654,0.629772122,3.743472023,0.955656623,176.885051,5.590175538
FL,2006,4.701620207,0.74065674,0.514774187,0.504859183,3.578873239,0.848021316,169.9447508,5.537899678
FL,2007,2.159353349,0.745953554,0.218753147,0.453680079,3.457234461,0.771172802,238.0794576,6.095479658
FL,2008,4.722692423,0.714854756,0.514185434,0.453680079,3.624615385,0.86406918,172.5831797,5.532124034
FL,2010,4.781452281,0.709451192,0.527398284,0.46099227,3.540183818,0.867526342,175.1642853,5.536720347
FL,2011,4.797460141,0.721954764,0.51310286,0.523180669,3.530393428,0.854422814,174.4083645,5.547744531
FL,2012,4.802279202,0.755472945,0.495663123,0.51911412,3.573039967,0.858721171,172.9675423,5.535976253
FL,2013,4.803782506,0.707550939,0.510303223,0.47909648,3.576301953,0.861619446,175.5346257,5.544726785
FL,2014,4.825885084,0.758082252,0.490042108,0.552321552,3.621645598,0.900573192,171.8388371,5.536167489
FL,2015,4.845171687,0.743049602,0.482635695,0.543133598,3.634796416,0.91266179,173.4401077,5.551564603
FL,2016,4.803055274,0.674658159,0.480879928,0.476490808,3.676909733,0.886699357,177.5420255,5.558507681
FL,2017,4.794419655,0.684224471,0.47632198,0.492106356,3.598702029,0.870784825,179.2779527,5.57289532
GA,2006,4.720792079,0.725511746,0.454695904,0.430372731,3.559635599,0.86781293,174.4287675,5.567481014
GA,2007,2.623529412,0.782178218,0.291516245,0.401685908,3.43204775,0.831081081,242.0935673,6.502511621
GA,2008,4.774788058,0.724156692,0.436522372,0.401685908,3.653274629,0.8739572,175.5484689,5.550401643
GA,2010,4.81496063,0.709470599,0.443832599,0.407373101,3.67174438,0.87644363,175.794989,5.545751036
GA,2011,4.832826405,0.715854876,0.433762058,0.444934918,3.634223433,0.863378624,176.12448,5.544791111
GA,2012,4.809832523,0.726765475,0.433374844,0.433780161,3.613620199,0.8525048,176.3193453,5.551831215
GA,2013,4.808941921,0.715480578,0.405295316,0.445263445,3.603561387,0.842285413,178.7050643,5.555759643
GA,2014,4.820586647,0.742691058,0.416150168,0.444008559,3.63274568,0.884582404,178.8357826,5.560791183
GA,2015,4.824865969,0.713997986,0.427479092,0.444231231,3.628883092,0.905686871,178.755483,5.556910095
GA,2016,4.82770342,0.691629052,0.422924074,0.449388444,3.671725572,0.896424168,179.8719525,5.569470054
GA,2017,4.819539766,0.674077015,0.404044258,0.465761397,3.646512509,0.873790022,179.8459826,5.575044844
HI,2006,4.878549655,0.818937137,0.463222555,0.511433528,3.425344441,0.923366834,162.1526407,5.471686778
HI,2007,2.776595745,0.827894502,0.344594595,0.49857685,3.356913183,0.943674564,243.9472508,6.374348085
HI,2008,4.88447423,0.811505122,0.443320158,0.49857685,3.376860841,0.943181818,162.7684791,5.460204886
HI,2010,4.879987334,0.811218148,0.456386293,0.48161421,3.413015873,0.949619033,161.5162343,5.444539382
HI,2011,4.886003089,0.793084371,0.447545847,0.508205919,3.390009606,0.925073984,162.8170093,5.459637691
HI,2012,4.874204262,0.823164983,0.429037964,0.527121191,3.357289809,0.907312466,164.6768547,5.487926933
HI,2013,4.90471485,0.796471242,0.426187934,0.5152897,3.433645847,0.914618201,164.8617632,5.489404017
HI,2014,4.897116844,0.803401557,0.431882335,0.515331944,3.419354839,0.927354131,165.7634006,5.495929395
HI,2015,4.899807631,0.779773157,0.408624535,0.521954144,3.461741812,0.943779206,165.7734831,5.494554648
HI,2016,4.892405923,0.806962847,0.420034451,0.500333467,3.532964135,0.946723981,166.5609819,5.490951206
HI,2017,4.912954876,0.786359077,0.417221298,0.533380084,3.510226645,0.949134052,168.366249,5.503234813
ID,2006,4.593818985,0.781534203,0.428373565,0.461614759,3.174131352,0.859065717,174.287828,5.576395739
ID,2007,2.944444444,0.823663254,0.233447489,0.449604332,3.003478261,0.772468714,268.927314,6.260883967
ID,2008,4.641988255,0.762230514,0.420921544,0.449604332,3.233984457,0.872433105,175.9281722,5.576140206
ID,2010,4.64199815,0.763193709,0.432833561,0.41809625,3.25725695,0.874167171,176.2878285,5.577456458
ID,2011,4.654179738,0.779190122,0.418434783,0.453853296,3.293869665,0.863027985,176.6519327,5.578407581
ID,2012,4.625206082,0.775568691,0.422056686,0.436145017,3.307776163,0.878951149,176.3408481,5.571926999
ID,2013,4.667139097,0.76016016,0.42209414,0.454019665,3.308307927,0.860377358,178.2630986,5.590485133
ID,2014,4.610977081,0.798278223,0.416799363,0.446872494,3.303288431,0.880007817,177.7149542,5.581497368
ID,2015,4.636454382,0.769458712,0.395987129,0.438405797,3.352406214,0.904913133,179.688164,5.592575334
ID,2016,4.641501476,0.770666667,0.395010395,0.452161141,3.339975093,0.901827891,178.5968468,5.581729457
ID,2017,4.652972229,0.748413418,0.384632224,0.449856099,3.318482576,0.898206181,180.9115808,5.602706491
IL,2006,4.721836735,0.769527287,0.470564352,0.575782202,3.470138458,0.9109937,172.3368485,5.546525384
IL,2007,3.409090909,0.804472843,0.246163683,0.563782696,3.347600519,0.892081737,246.9655172,6.751915709
IL,2008,4.76567255,0.705527638,0.464587525,0.563782696,3.493189673,0.911835749,173.136455,5.54164992
IL,2010,4.821499801,0.721163293,0.460176991,0.573456912,3.498214994,0.914027149,174.2371316,5.545055665
IL,2011,4.804051422,0.731636784,0.460705619,0.57265625,3.496318671,0.905269058,176.4688317,5.558697275
IL,2012,4.833928907,0.754779412,0.440429868,0.556052142,3.53115727,0.907751795,176.3620658,5.552747657
IL,2013,4.827800427,0.735678585,0.441508039,0.554026409,3.509659614,0.90449233,177.3737466,5.56493467
IL,2014,4.838702749,0.765868887,0.427813163,0.586368477,3.539928736,0.937057107,176.9750312,5.566687474
IL,2015,4.828842105,0.740408674,0.428113736,0.572807723,3.547429255,0.945673647,179.712172,5.570115736
IL,2016,4.822699954,0.754339119,0.42252884,0.589346688,3.576931691,0.938224799,178.877669,5.573398577
IL,2017,4.831391784,0.758585859,0.398595944,0.595463511,3.567014291,0.934653085,180.4974083,5.576054265
IN,2006,4.681668857,0.725793459,0.483954201,0.456976179,3.370497708,0.882514102,175.9575358,5.550989223
IN,2007,2.217391304,0.778617083,0.279137529,0.463030826,3.252215003,0.864298195,247.0993031,6.347319009
IN,2008,4.736074848,0.687769165,0.501079447,0.463030826,3.398168338,0.886182367,178.030303,5.550612508
IN,2010,4.785714286,0.695378585,0.484726105,0.422028805,3.438546901,0.88766019,178.2736354,5.540799863
IN,2011,4.787935406,0.689139559,0.493084112,0.473995431,3.426466885,0.861729932,179.4409722,5.548983135
IN,2012,4.781242205,0.717343712,0.482762866,0.460044532,3.426811237,0.871301595,178.5653757,5.552446279
IN,2013,4.782569932,0.682669016,0.480793451,0.460512386,3.470018738,0.885328663,180.603116,5.563687304
IN,2014,4.795364174,0.727560521,0.465721946,0.454712244,3.49321139,0.915344409,179.3223018,5.554483902
IN,2015,4.812729026,0.707303157,0.457060206,0.46506112,3.508838384,0.931862658,180.1434652,5.566486375
IN,2016,4.774758454,0.713438927,0.463032334,0.478429423,3.533019331,0.942451638,180.5120768,5.556334271
IN,2017,4.789764175,0.695993391,0.465145754,0.484936362,3.547241298,0.93431167,182.6962584,5.569228187
IA,2006,4.706937799,0.759733907,0.465831212,0.543127215,3.529575782,0.927087417,176.3960125,5.589376466
IA,2007,2.120689655,0.833754741,0.361675127,0.546411996,3.282749676,0.903858318,246.9058154,6.827380952
IA,2008,4.793656515,0.735576923,0.459141891,0.546411996,3.545636364,0.93521979,176.570743,5.578741557
IA,2010,4.806707855,0.727858013,0.43537415,0.512390925,3.605281815,0.929218968,177.6288893,5.571498928
IA,2011,4.820076046,0.73583484,0.448955916,0.570948526,3.529281605,0.922987672,178.6726431,5.589839985
IA,2012,4.787528517,0.754248559,0.441388638,0.541955931,3.523895401,0.927205337,180.1539938,5.589337566
IA,2013,4.81276891,0.710631275,0.437334393,0.538205538,3.554718477,0.93767927,180.6670134,5.577720713
IA,2014,4.797109429,0.752541925,0.441597383,0.553153646,3.58594275,0.954112669,181.4886544,5.591248901
IA,2015,4.810394061,0.725645374,0.439495041,0.551261114,3.585042657,0.959314775,183.6383547,5.603276353
IA,2016,4.775351014,0.75308828,0.429098172,0.562422744,3.592501537,0.962979752,184.1577838,5.603006123
IA,2017,4.781438026,0.744601638,0.429759174,0.588337685,3.53981029,0.948927765,188.7988764,5.626743914
KS,2006,4.535882728,0.751200404,0.467088608,0.458380844,3.457325007,0.908159393,174.6677611,5.56924275
KS,2007,1.82300885,0.81189778,0.306370495,0.465962869,3.341728181,0.871698113,249.643784,6.65857402
KS,2008,4.617933723,0.724542923,0.444457919,0.465962869,3.584493042,0.922386612,176.9037647,5.567546302
KS,2010,4.669789227,0.731070816,0.449416103,0.468884252,3.593226741,0.919210494,178.6661363,5.571441684
KS,2011,4.724755361,0.721371677,0.443810785,0.473728325,3.534851011,0.89703715,178.8135524,5.571870562
KS,2012,4.708762195,0.765169634,0.438619952,0.475383374,3.536958292,0.897169728,178.1745751,5.571950248
KS,2013,4.743347188,0.729861638,0.447781099,0.496032298,3.55032777,0.89106932,179.8188366,5.583775029
KS,2014,4.699167273,0.750916894,0.427496799,0.500362056,3.529430763,0.910365901,182.0144216,5.588147022
KS,2015,4.731304393,0.734259259,0.430836016,0.508631745,3.534316394,0.920834332,195.6331186,5.598254195
KS,2016,4.690671959,0.75790721,0.433370556,0.5256687,3.527769893,0.919652651,182.6617259,5.600095481
KS,2017,4.72326535,0.715977594,0.421312487,0.537582556,3.512931034,0.911228867,185.1147467,5.617971787
KY,2006,4.59715994,0.632898526,0.554294427,0.23933607,3.509153525,0.859083192,175.3968845,5.529701434
KY,2007,1.746031746,0.727755644,0.258792303,0.291925466,3.303719008,0.80730897,231.9508958,5.830402566
KY,2008,4.69216734,0.644041651,0.520262447,0.291925466,3.432713853,0.881286174,177.3066256,5.527948981
KY,2010,4.698374634,0.644432842,0.526508705,0.286747305,3.47975162,0.875931494,176.9962171,5.518816854
KY,2011,4.704356081,0.677436165,0.52316507,0.334463397,3.511623165,0.87206781,178.7095538,5.534262172
KY,2012,4.697377401,0.671320755,0.521508998,0.324206656,3.50647454,0.868957704,179.7869254,5.540748242
KY,2013,4.733416641,0.679670612,0.504993573,0.3187255,3.556823821,0.872718493,180.5408399,5.540141591
KY,2014,4.750707643,0.686521573,0.508166259,0.301719803,3.627420301,0.947962502,180.9881713,5.543562593
KY,2015,4.746276667,0.659596891,0.486085112,0.335908803,3.663302637,0.952702703,182.8910406,5.555603219
KY,2016,4.711838845,0.700406123,0.48321508,0.376331487,3.663602352,0.959849828,183.4796131,5.573581929
KY,2017,4.733866667,0.642096965,0.490740741,0.381930185,3.631095226,0.948404786,185.4395727,5.586262576
LA,2006,4.798024996,0.693218025,0.445272119,0.443124714,3.603291536,0.812547471,173.3433808,5.533045542
LA,2007,1.913580247,0.713692946,0.330901511,0.425649913,3.637333333,0.787973043,238.7371695,6.410273026
LA,2008,4.842438082,0.685946133,0.432226833,0.425649913,3.70752726,0.837894008,175.0393307,5.525185441
LA,2010,4.864277145,0.6829014,0.461159247,0.434412774,3.657091019,0.849329359,177.792436,5.523476276
LA,2011,4.859572352,0.646359438,0.4696085,0.424932031,3.66001955,0.844336012,179.6867539,5.516076147
LA,2012,4.836073219,0.660414269,0.450683028,0.382122382,3.661670994,0.835755479,180.9694042,5.521662449
LA,2013,4.86745982,0.661410788,0.436477479,0.434782609,3.719569193,0.878087649,178.7049702,5.518472498
LA,2014,4.86954421,0.694136044,0.460456942,0.465481002,3.657475295,0.866645748,180.7867521,5.544003541
LA,2015,4.834978486,0.657789945,0.445780292,0.441071002,3.606635071,0.893823734,183.2709915,5.552354114
LA,2016,4.829846884,0.68559131,0.455696203,0.452223877,3.634720471,0.922334087,181.9895599,5.53234391
LA,2017,4.828671329,0.680185683,0.461005999,0.501295032,3.562270221,0.917474634,184.3568065,5.565167825
ME,2006,4.614114514,0.77757449,0.53069255,0.566062516,3.559957739,0.902068604,171.0971279,5.555548303
ME,2007,2.155172414,0.834515366,0.29756965,0.562461538,3.428401664,0.891907856,237.1015948,6.453140382
ME,2008,4.737362807,0.760846236,0.5312548,0.562461538,3.588552916,0.911683533,172.9171516,5.542202654
ME,2010,4.768902675,0.761295277,0.527195577,0.552162197,3.568688039,0.907775074,174.5669563,5.538110146
ME,2011,4.783854808,0.765198309,0.53004037,0.582190649,3.58070913,0.909528697,174.5601764,5.541043111
ME,2012,4.755773119,0.78599916,0.514128479,0.583395265,3.54743833,0.897247321,176.0467407,5.560574303
ME,2013,4.789480782,0.764729513,0.51488366,0.573783359,3.59201344,0.905337621,175.8850589,5.550882026
ME,2014,4.769230769,0.789842583,0.511963406,0.577526235,3.587766878,0.921742128,176.374613,5.553654015
ME,2015,4.808296514,0.753014249,0.513535782,0.575231757,3.607581608,0.938787385,176.9986064,5.548426431
ME,2016,4.755395683,0.792551522,0.517329094,0.595769683,3.594327731,0.936584345,177.3684705,5.557938083
ME,2017,4.792903446,0.756210479,0.499228735,0.603813559,3.572107594,0.926905299,177.8295406,5.561507085
MD,2006,4.800811509,0.758834766,0.456167665,0.54682234,3.593549169,0.919765634,173.1335559,5.561700056
MD,2007,2.990740741,0.798660362,0.34175217,0.559355693,3.459470305,0.89270217,239.5275808,7.082676648
MD,2008,4.840997662,0.744715984,0.454675783,0.559355693,3.55608778,0.925509642,174.3105344,5.541446741
MD,2010,4.862910798,0.736186411,0.440023135,0.51627907,3.688470973,0.92817552,176.0666436,5.544823014
MD,2011,4.870321444,0.741527732,0.448509199,0.565125112,3.684277938,0.926515551,175.8558796,5.550075447
MD,2012,4.866752467,0.761932626,0.442960442,0.553747323,3.687277655,0.930996989,176.3528184,5.55434238
MD,2013,4.878440566,0.733005521,0.430888161,0.530733362,3.681852253,0.936717205,176.7264957,5.547104427
MD,2014,4.887214733,0.775423005,0.420364397,0.529145996,3.70857489,0.964190868,177.3808914,5.541901469
MD,2015,4.880956993,0.739927439,0.433179306,0.541149635,3.714362368,0.964200266,177.6925589,5.547341631
MD,2016,4.863377249,0.755683522,0.427310873,0.562104207,3.677542604,0.95984853,179.8250554,5.561505202
MD,2017,4.8861116,0.739979087,0.425413446,0.561646175,3.65454991,0.96294194,179.6962496,5.557744638
MA,2006,4.543271768,0.7414862,0.500255537,0.571011757,3.677759671,0.930374904,168.6201952,5.516207043
MA,2007,2.485294118,0.787873583,0.308793103,0.579422383,3.602321955,0.942350714,240.3349364,6.758201649
MA,2008,4.603806228,0.736147894,0.489719236,0.579422383,3.736762164,0.957722309,168.5420148,5.502478331
MA,2010,4.643088858,0.750183394,0.487586161,0.59647075,3.766865812,0.961328177,170.3407911,5.516180583
MA,2011,4.63612147,0.748002076,0.496442765,0.609773068,3.757480315,0.954343257,170.313992,5.517701127
MA,2012,4.625401845,0.776505599,0.480981786,0.607782871,3.734386107,0.958588259,171.05733,5.530130143
MA,2013,4.641270098,0.745645978,0.472153326,0.609040744,3.725475895,0.959152579,170.79757,5.522667004
MA,2014,4.686932782,0.788276101,0.470154113,0.606436006,3.755479067,0.970440951,171.5551629,5.525854701
MA,2015,4.696433508,0.746679317,0.446347607,0.613828425,3.710640946,0.962503074,172.8056779,5.551802904
MA,2016,4.652756018,0.79694206,0.445321152,0.635612216,3.716560076,0.964319249,174.804092,5.573749666
MA,2017,4.717517007,0.773164557,0.434469201,0.638315579,3.704574951,0.967155047,173.5008827,5.564449259
MI,2006,4.844411437,0.751888009,0.498616491,0.543924542,3.534686971,0.912626728,175.724379,5.545277522
MI,2007,2.888888889,0.822155986,0.27666999,0.522349506,3.448958862,0.883084577,247.5479384,6.559488326
MI,2008,4.844650322,0.718300435,0.487638438,0.522349506,3.581185861,0.912582338,177.6744652,5.547023544
MI,2010,4.854327437,0.724283207,0.497713683,0.509498124,3.562641017,0.908056761,179.0532288,5.541734909
MI,2011,4.831161253,0.758048969,0.499291048,0.56525556,3.528180509,0.88393616,178.7791278,5.554747104
MI,2012,4.836936755,0.762268266,0.483318305,0.541553339,3.533615563,0.902574809,178.9461013,5.546740315
MI,2013,4.83568722,0.751939306,0.487313867,0.566944908,3.552572146,0.901611047,180.0763246,5.569336391
MI,2014,4.831639136,0.757994276,0.470915529,0.562777144,3.614179199,0.933499688,180.3590158,5.572304378
MI,2015,4.851093591,0.758824268,0.467146166,0.572286204,3.593890714,0.932723553,180.2508389,5.579448306
MI,2016,4.839156961,0.768073099,0.469270691,0.578603624,3.612976613,0.941620941,182.1205801,5.583512368
MI,2017,4.860119662,0.744959574,0.459931713,0.583534865,3.621324265,0.942368525,181.6184806,5.580807584
MN,2006,4.729663906,0.846247267,0.477637336,0.579639552,3.592285156,0.937059538,174.2579548,5.574103311
MN,2007,2.676470588,0.886330935,0.387608069,0.615994236,3.462093863,0.939568345,250.9388489,7.063189448
MN,2008,4.754310345,0.802534066,0.478583393,0.615994236,3.567898273,0.943301435,174.7241214,5.563351661
MN,2010,4.845709472,0.781921843,0.458452381,0.587432675,3.573167792,0.932096563,174.4428097,5.575927464
MN,2011,4.857538439,0.792818077,0.464605766,0.6466237,3.526789481,0.918375831,176.6236693,5.600465459
MN,2012,4.833437584,0.82131962,0.469389563,0.633416459,3.534459878,0.918718352,175.869202,5.59427668
MN,2013,4.860162085,0.786164017,0.45915493,0.641415304,3.550576184,0.931975318,176.6700771,5.594614966
MN,2014,4.832480474,0.80194276,0.442384636,0.631090799,3.541432073,0.949415834,179.6665581,5.610789165
MN,2015,4.86546992,0.783364242,0.445484509,0.628318584,3.563040179,0.956097561,178.9133424,5.607116603
MN,2016,4.847252011,0.821170966,0.429356462,0.648450516,3.552763488,0.956340686,181.0000649,5.62146178
MN,2017,4.853032072,0.750781144,0.432092257,0.631656212,3.549878665,0.940544737,181.6419697,5.617959446
MS,2006,4.618356643,0.667529777,0.466816454,0.317976356,3.474642857,0.846871759,178.2912069,5.545646552
MS,2007,2.436363636,0.680690877,0.279555556,0.302505575,3.347088492,0.792109929,238.0969885,5.572224683
MS,2008,4.689149947,0.651211526,0.457311475,0.302505575,3.466468361,0.855062959,179.5166776,5.547580118
MS,2010,4.751502482,0.635529716,0.448651452,0.285325382,3.541215324,0.861966365,180.1874758,5.53576501
MS,2011,4.737061565,0.636706397,0.45035752,0.343885248,3.505382847,0.830578028,181.850263,5.54890902
MS,2012,4.747447243,0.666264414,0.437694493,0.311184031,3.563485477,0.849502822,181.7647689,5.551551686
MS,2013,4.774518652,0.599642538,0.431968867,0.314339843,3.580391013,0.84734231,181.783124,5.54946851
MS,2014,4.764160659,0.67351541,0.422919857,0.327923751,3.625288536,0.883966776,182.8046582,5.556181651
MS,2015,4.792932082,0.613391717,0.422741044,0.30647482,3.678635548,0.895682819,182.4165202,5.549048037
MS,2016,4.754022015,0.672104068,0.432142857,0.33895771,3.652339615,0.882340778,186.1415017,5.563101623
MS,2017,4.730316324,0.664624461,0.432867884,0.368859649,3.599572193,0.893459916,184.6753465,5.569753605
MO,2006,4.452734375,0.712733511,0.518313621,0.427502877,3.355498721,0.880084018,176.6761288,5.554438941
MO,2007,2.56,0.769442533,0.283057851,0.452773312,3.117981521,0.83390765,240.7235213,6.086370931
MO,2008,4.567978896,0.676617912,0.523580173,0.452773312,3.439744119,0.887863591,176.9659523,5.546281461
MO,2010,4.567266328,0.684140042,0.507960867,0.417563413,3.472518782,0.899212901,178.5914308,5.545237184
MO,2011,4.616471399,0.69232079,0.496886267,0.463486557,3.47814346,0.871904215,178.420278,5.553502317
MO,2012,4.607266983,0.722556739,0.489059081,0.431083203,3.491085642,0.876180158,178.4505325,5.550740855
MO,2013,4.624749576,0.695213335,0.483487057,0.413524835,3.516644073,0.890356671,178.768589,5.555523029
MO,2014,4.649593621,0.715817694,0.469646126,0.409056142,3.53803681,0.920340756,180.8185472,5.565011908
MO,2015,4.655989951,0.703335919,0.491702796,0.451384708,3.527580475,0.917356594,183.0041219,5.575494381
MO,2016,4.640342679,0.712854758,0.490886623,0.463853553,3.588876772,0.922749392,181.7135061,5.576196251
MO,2017,4.677146671,0.688116625,0.466570397,0.479766253,3.581473377,0.910721914,182.2457759,5.579109281
MT,2006,4.501607143,0.774851761,0.495099755,0.550658472,3.370091447,0.852751092,172.7574068,5.589941327
MT,2007,3.046153846,0.796693203,0.327798278,0.553041883,3.171825648,0.787430684,254.8205756,6.06700347
MT,2008,4.551623327,0.743926662,0.491429446,0.553041883,3.35921875,0.867379679,173.4742535,5.582139955
MT,2010,4.533122575,0.739222316,0.503597122,0.533833522,3.291859122,0.863154922,175.5052083,5.588119369
MT,2011,4.550772509,0.744134897,0.49445005,0.576251206,3.296792277,0.853611784,176.3246531,5.601405925
MT,2012,4.507177616,0.76372514,0.486701167,0.568234014,3.275371211,0.850680353,176.1044368,5.593404306
MT,2013,4.526208996,0.74541797,0.481237158,0.566583052,3.364827963,0.868969943,177.7230392,5.606573245
MT,2014,4.531457431,0.781977154,0.478447659,0.547319751,3.43983822,0.912650177,178.1216901,5.600446009
MT,2015,4.576514445,0.752363299,0.468251089,0.552468007,3.426151013,0.918220947,177.397248,5.602141411
MT,2016,4.540214974,0.77604072,0.477565281,0.536508525,3.458607096,0.930342815,179.9102634,5.616394187
MT,2017,4.559655366,0.718912882,0.468322074,0.550323176,3.441416389,0.928002894,180.6547126,5.616477443
NE,2006,4.379379513,0.756033232,0.453717153,0.541975636,3.366780588,0.898255814,177.1341592,5.582377877
NE,2007,2.408163265,0.797795276,0.339319471,0.507311731,3.168572362,0.849936948,256.221523,6.354861548
NE,2008,4.443456245,0.707237264,0.427892031,0.507311731,3.347483965,0.906412478,177.8630014,5.5745066
NE,2010,4.457124519,0.70457996,0.423805002,0.515022819,3.353810113,0.917168007,178.1410159,5.574504043
NE,2011,4.493696398,0.710776411,0.438947412,0.566423924,3.346136009,0.893111931,179.2458936,5.583391218
NE,2012,4.467081703,0.754189035,0.439914749,0.55496376,3.37036831,0.900559387,178.978222,5.585012731
NE,2013,4.493676633,0.727588872,0.4306665,0.541695382,3.385218646,0.911457051,180.7895511,5.589679912
NE,2014,4.464513634,0.755256954,0.426814623,0.565454633,3.424252668,0.926048513,182.1953931,5.60434233
NE,2015,4.523503994,0.71973863,0.416532308,0.557859239,3.435418104,0.925090419,183.4279343,5.603134356
NE,2016,4.488818352,0.743503064,0.418891903,0.575227582,3.444093584,0.920745921,184.2799634,5.607836582
NE,2017,4.527972028,0.719193703,0.406105786,0.569147789,3.462590851,0.915488027,186.1886253,5.614468481
NV,2006,4.686113643,0.756675668,0.518774407,0.595789474,3.355673317,0.8636774,175.1099131,5.600554058
NV,2007,2.72972973,0.798706548,0.255077173,0.57712227,3.251060221,0.799190283,250.8644068,6.625235405
NV,2008,4.765268915,0.742173524,0.521369434,0.57712227,3.377813505,0.864380184,172.5963815,5.565650361
NV,2010,4.783502329,0.758142018,0.530590435,0.555347092,3.398584264,0.866417312,173.002666,5.578512397
NV,2011,4.8087466,0.782974359,0.516983305,0.602730958,3.41525757,0.844457231,173.2413991,5.572661825
NV,2012,4.78656215,0.784548422,0.475792254,0.559269162,3.419968659,0.833842128,173.1129944,5.574315515
NV,2013,4.791694133,0.756885708,0.474707358,0.568660489,3.456849602,0.851981113,174.781282,5.585142331
NV,2014,4.806554524,0.778498871,0.480183802,0.547785548,3.452628538,0.899292786,175.1577909,5.580726965
NV,2015,4.817174515,0.762818004,0.478719397,0.544971537,3.496781522,0.923735119,173.2694589,5.558592785
NV,2016,4.806284082,0.766943815,0.457289003,0.564848173,3.493693694,0.909090909,176.3277946,5.587424471
NV,2017,4.821157927,0.749701314,0.465709261,0.548586572,3.492068155,0.912204951,175.4751508,5.575457244
NH,2006,4.298666186,0.782172996,0.518609984,0.609150559,3.591426539,0.903169014,170.4734715,5.55096334
NH,2007,2.37037037,0.838168923,0.343709468,0.617718817,3.448051948,0.893479664,233.696325,7.009456265
NH,2008,4.344748157,0.761266748,0.524542683,0.617718817,3.584024578,0.909893455,172.8158055,5.545921986
NH,2010,4.437325419,0.767746382,0.525979631,0.603903956,3.607322575,0.912129566,172.8241267,5.527318878
NH,2011,4.421664104,0.77280434,0.512748344,0.643555861,3.581178041,0.894780311,173.2797364,5.539840747
NH,2012,4.42859175,0.779771842,0.501193988,0.61707248,3.600028078,0.907270958,174.858768,5.551285609
NH,2013,4.448670541,0.773525831,0.496094399,0.620591199,3.604590164,0.903047091,174.8272727,5.549093615
NH,2014,4.463812806,0.791375698,0.492456897,0.605529454,3.600459445,0.921153846,176.2805154,5.556706715
NH,2015,4.496344159,0.761344538,0.49201788,0.620623193,3.640429904,0.95068321,174.9092048,5.542775517
NH,2016,4.443432574,0.784732824,0.482401656,0.625499392,3.651242502,0.946974847,176.6498305,5.56309322
NH,2017,4.510748243,0.760758719,0.484687868,0.635893355,3.63034188,0.952610287,177.0895465,5.556382911
NJ,2006,4.756526147,0.729674797,0.471404096,0.557417447,3.607255521,0.912983313,170.025335,5.532643118
NJ,2007,2,0.766033864,0.274922919,0.545454545,3.501309586,0.873007712,242.202668,6.973661707
NJ,2008,4.832905861,0.72138707,0.448907812,0.545454545,3.667666073,0.911952007,170.6642403,5.518059523
NJ,2010,4.843890588,0.72782503,0.461511668,0.561256081,3.669953341,0.914074718,171.2227521,5.53188676
NJ,2011,4.845982657,0.733378613,0.461357311,0.608225943,3.659386752,0.899743663,171.8224146,5.531927982
NJ,2012,4.822236634,0.741086881,0.45440946,0.592337988,3.642877292,0.887772078,172.5116826,5.536562745
NJ,2013,4.831111511,0.739559268,0.447588205,0.592490999,3.626732343,0.887226697,174.1048711,5.553035885
NJ,2014,4.832756325,0.76487395,0.439412485,0.57943843,3.673942818,0.922908417,174.5033991,5.536781368
NJ,2015,4.852455524,0.731127631,0.440228847,0.575705297,3.700541191,0.939717363,174.6454948,5.546463154
NJ,2016,4.834335029,0.699881376,0.432085723,0.573720397,3.718388212,0.938139742,176.1377015,5.555921215
NJ,2017,4.838340043,0.70915199,0.432160804,0.585161548,3.693306011,0.940700809,176.1788048,5.543524212
NM,2006,4.807660828,0.762254511,0.476617553,0.469223332,3.355971129,0.82530024,169.2421389,5.517584464
NM,2007,2.392405063,0.792982456,0.292377131,0.44715584,3.179104478,0.735441767,250.8892786,5.797261189
NM,2008,4.849136471,0.747357826,0.480833894,0.44715584,3.382931034,0.850277264,169.9079168,5.511419546
NM,2010,4.865612648,0.76004181,0.476874719,0.454668065,3.441456669,0.866626705,170.2758621,5.514529532
NM,2011,4.857826711,0.744610673,0.479433731,0.490463544,3.379567915,0.856776638,170.9090505,5.516798236
NM,2012,4.837858126,0.773296743,0.458267717,0.461870681,3.344627896,0.841903851,171.532387,5.521004811
NM,2013,4.834141489,0.750459841,0.465380641,0.471881509,3.418362627,0.845380619,172.0185456,5.518283316
NM,2014,4.848604562,0.768347237,0.458395802,0.455516461,3.417966313,0.899697153,172.7583333,5.521195652
NM,2015,4.852001404,0.758800069,0.451953189,0.453611663,3.456604397,0.931542321,173.3160103,5.525850011
NM,2016,4.849046016,0.773475665,0.448762603,0.471833579,3.448979592,0.936162495,173.4253934,5.520980286
NM,2017,4.850206056,0.748584572,0.444105174,0.482188952,3.442164179,0.924933422,175.1427149,5.531336431
NY,2006,4.770763501,0.749054224,0.491513182,0.584469904,3.5486565,0.918894509,169.8094981,5.531360556
NY,2007,2.389830508,0.777391304,0.291690877,0.574687961,3.488276671,0.900984366,237.6050955,6.74536769
NY,2008,4.795987991,0.732049739,0.487925946,0.574687961,3.595604099,0.929737687,169.5453211,5.518299737
NY,2010,4.816891065,0.752395599,0.48309809,0.569422963,3.640143369,0.925557136,169.6906364,5.513952848
NY,2011,4.787269428,0.752023547,0.460699301,0.616525424,3.583732057,0.897056772,170.0513746,5.527966768
NY,2012,4.805463271,0.758101647,0.457034769,0.586814384,3.573600429,0.897413182,169.8323618,5.530633575
NY,2013,4.796425692,0.737758576,0.440340909,0.569768894,3.626014291,0.902977906,170.8423634,5.528036917
NY,2014,4.798673695,0.754313099,0.426014913,0.566192469,3.637856108,0.925535315,172.7593183,5.537498673
NY,2015,4.802655221,0.720183486,0.439313257,0.568904594,3.626946758,0.946353279,172.3511095,5.533009723
NY,2016,4.819456676,0.743695449,0.47620305,0.577838614,3.62248709,0.945795176,177.7191156,5.555791233
NY,2017,4.793417367,0.738599746,0.418766856,0.588880412,3.624505201,0.931911403,174.7753452,5.555414244
NC,2006,4.815059082,0.744300007,0.482365003,0.393364282,3.597282872,0.886594425,174.5033685,5.543121243
NC,2007,2.086666667,0.771728016,0.311139565,0.408576972,3.472750978,0.817647059,232.3915709,6.261834823
NC,2008,4.851429338,0.728054963,0.494783307,0.408576972,3.594611145,0.888384513,175.7232851,5.550707731
NC,2010,4.868119266,0.718554007,0.474042999,0.405802167,3.641046099,0.880802792,175.9777101,5.551995356
NC,2011,4.885867446,0.730983481,0.477228276,0.441396509,3.648686945,0.874872081,174.7537577,5.54679285
NC,2012,4.871063083,0.733821403,0.479044656,0.42527339,3.620397644,0.846983149,177.7813516,5.554519034
NC,2013,4.889573703,0.719949174,0.474711515,0.405835212,3.632102098,0.864566929,178.6558763,5.55642791
NC,2014,4.890749726,0.760582613,0.461980137,0.447331129,3.653840234,0.885948905,178.1138224,5.566396383
NC,2015,4.887934058,0.739864277,0.462716714,0.469447305,3.606546313,0.881082877,179.4408549,5.578114645
NC,2016,4.883121348,0.760153769,0.454298796,0.479590064,3.605700713,0.89080556,181.2709203,5.588511219
NC,2017,4.871111111,0.736988848,0.448034343,0.495898758,3.604054054,0.8875,180.9367906,5.579160175
ND,2006,4.350350124,0.747057517,0.454848754,0.564188435,3.356789568,0.903491216,175.8684853,5.572558587
ND,2007,2.675675676,0.806069578,0.339259259,0.56512605,3.220313667,0.871015567,251.8641064,6.549667651
ND,2008,4.413130673,0.7204617,0.461247637,0.56512605,3.423314188,0.916964473,176.8558276,5.570743531
ND,2010,4.468181818,0.724944321,0.449252733,0.552878179,3.438766321,0.918490397,176.5919911,5.561401557
ND,2011,4.533305049,0.720745238,0.463692739,0.603962505,3.41132457,0.913086913,178.3230432,5.58127531
ND,2012,4.488056103,0.752583979,0.454347826,0.584864392,3.415615485,0.912424504,178.5516129,5.583315412
ND,2013,4.506141103,0.709818902,0.458526603,0.589273404,3.390200628,0.91897712,181.9228499,5.600216915
ND,2014,4.52606368,0.769642857,0.448583787,0.582451686,3.457488191,0.945789763,180.9383646,5.57952107
ND,2015,4.557829386,0.719090909,0.445514223,0.59239611,3.42191601,0.947539562,182.832,5.598144144
ND,2016,4.550727412,0.754618399,0.449338374,0.603464687,3.418082295,0.950391645,183.073743,5.598060211
ND,2017,4.562901155,0.706330319,0.450786794,0.59731334,3.434978975,0.945065034,184.5904239,5.603016672
OH,2006,4.570515163,0.715155858,0.49964132,0.512309075,3.486272342,0.896829661,176.5072309,5.542581682
OH,2007,2.562962963,0.770833333,0.271764316,0.506319883,3.280054645,0.898675497,244.4656312,6.481796651
OH,2008,4.67743778,0.711686211,0.476298517,0.506319883,3.511856228,0.915458742,175.7426286,5.540054393
OH,2010,4.702670036,0.702723065,0.493629886,0.473159093,3.567087219,0.901584564,177.4397979,5.543780907
OH,2011,4.712681119,0.714935137,0.488850772,0.525924256,3.578380144,0.900385192,177.1418977,5.549431414
OH,2012,4.681587063,0.720726565,0.474660074,0.499004645,3.555638105,0.893242476,179.1339697,5.556973546
OH,2013,4.704094234,0.698363431,0.484625182,0.496612962,3.541237113,0.899626932,180.1342187,5.562830161
OH,2014,4.693936097,0.722001742,0.451314364,0.470320988,3.592957885,0.934496124,180.1680348,5.549114759
OH,2015,4.726362735,0.704394531,0.456011184,0.464543326,3.6242645,0.949418125,180.0931019,5.55411908
OH,2016,4.721957363,0.699084967,0.458477355,0.484905156,3.649313856,0.951923916,181.8848965,5.568231251
OH,2017,4.744700632,0.67875838,0.459251986,0.484810241,3.627684117,0.946630444,183.072365,5.560857659
OK,2006,4.707717817,0.688580799,0.496714456,0.373746445,3.312529551,0.857932477,175.0476829,5.552600209
OK,2007,2.349206349,0.740073869,0.341192788,0.381352541,3.096742349,0.752539243,244.2509225,5.900753383
OK,2008,4.737399464,0.658773447,0.508128998,0.381352541,3.351415756,0.867625516,176.2673847,5.544541949
OK,2010,4.749829491,0.665947695,0.50695476,0.345275112,3.364647887,0.869665046,176.4060647,5.53799416
OK,2011,4.770920106,0.6638666,0.516144814,0.383738602,3.367487559,0.861111111,177.4627504,5.549666178
OK,2012,4.744106414,0.684258181,0.48990228,0.386485427,3.349885921,0.874449339,179.682359,5.559967236
OK,2013,4.769054981,0.65075143,0.484102564,0.374613003,3.427329029,0.881732724,179.7471497,5.556625285
OK,2014,4.743586455,0.690209268,0.474821974,0.378801489,3.455840822,0.913504743,181.5141932,5.565301295
OK,2015,4.779699739,0.656320724,0.471273292,0.361132966,3.525803922,0.926011029,181.8446379,5.559120073
OK,2016,4.763077908,0.692200557,0.44178352,0.370063384,3.575524588,0.919689922,181.7148377,5.575540958
OK,2017,4.775958188,0.662804773,0.457209457,0.383447099,3.5403895,0.91393108,183.9369707,5.577090119
OR,2006,4.886123348,0.826701457,0.470113438,0.57952308,3.364450414,0.884029591,173.4792617,5.571444083
OR,2007,3.543859649,0.849840256,0.2848,0.572969403,3.269230769,0.852118305,245.6285942,6.464390309
OR,2008,4.909895949,0.804519526,0.45154185,0.572969403,3.429898075,0.89956044,174.0425252,5.565888499
OR,2010,4.905950096,0.803489821,0.484488861,0.561525495,3.315439124,0.900270102,175.1963915,5.567105627
OR,2011,4.917598269,0.814991182,0.473074987,0.599055747,3.312041885,0.869892833,176.0991984,5.587675351
OR,2012,4.900224444,0.828492393,0.4677159,0.590143987,3.357187049,0.876509005,175.1078895,5.573290598
OR,2013,4.916242661,0.823983035,0.45560958,0.611951175,3.352994887,0.870621369,176.193118,5.594027973
OR,2014,4.898036732,0.830491271,0.457460184,0.60021097,3.455178232,0.935569106,176.7869151,5.58600027
OR,2015,4.903153657,0.821404977,0.455094811,0.606111697,3.44943581,0.943693694,178.6171684,5.597589504
OR,2016,4.896566342,0.839528377,0.433388498,0.621103623,3.452519783,0.937675351,179.0322902,5.610989303
OR,2017,4.900110497,0.80030521,0.43212717,0.623454158,3.405598821,0.930731508,179.3013003,5.604378302
PA,2006,4.430097008,0.709787708,0.503224779,0.497198655,3.498716715,0.900763966,174.0566053,5.530108765
PA,2007,2.191358025,0.759124088,0.27771011,0.494688074,3.38289393,0.87911084,240.6991796,6.255621392
PA,2008,4.545939825,0.697968937,0.492587279,0.494688074,3.542506221,0.908482143,175.0879383,5.520434126
PA,2010,4.605652759,0.71007302,0.484173946,0.49347234,3.556436391,0.915190704,175.816933,5.526485064
PA,2011,4.595022624,0.72972973,0.480280133,0.548150352,3.528850607,0.900045977,175.5691251,5.540998626
PA,2012,4.624382029,0.74779439,0.480871101,0.539534633,3.535141472,0.902147466,176.7586316,5.54832815
PA,2013,4.607612735,0.724819611,0.474440895,0.524562234,3.569396672,0.907489393,176.6281075,5.544728312
PA,2014,4.620738208,0.750530786,0.468315455,0.525841346,3.603366086,0.935583712,178.0261967,5.542433144
PA,2015,4.640490798,0.729957806,0.451693132,0.555426131,3.604761005,0.940679557,178.8115888,5.560545171
PA,2016,4.623862159,0.778353754,0.439355251,0.603021536,3.576131687,0.951069855,180.3305617,5.581372241
PA,2017,4.66062402,0.765293814,0.467915769,0.593959732,3.569734892,0.949443717,180.9161774,5.583645901
PR,2006,4.860438293,0.571265157,0.304696449,0.319495413,3.689973927,0.939816934,163.6606449,5.390921564
PR,2007,1.676470588,0.559605911,0.132206759,0.228510029,3.585020243,0.930049261,228.6,4.094417077
PR,2008,4.888649425,0.502504174,0.313856427,0.228510029,3.747166092,0.93966134,162.4377682,5.381020505
PR,2010,4.90587886,0.537485242,0.300945068,0.218241042,3.760156485,0.950398583,163.1714876,5.373696379
PR,2011,4.868271058,0.498975248,0.316878232,0.29026098,3.714468017,0.935569839,164.5870655,5.39705345
PR,2012,4.865266986,0.571779744,0.304297711,0.288451925,3.733077052,0.938554809,165.6669397,5.39981979
PR,2013,4.881272085,0.507694998,0.291196388,0.27404687,3.719838199,0.952553485,166.0415661,5.402236403
PR,2014,4.907592495,0.583289998,0.289680461,0.255453906,3.720856183,0.958376691,166.2934651,5.395533599
PR,2015,4.915900645,0.50399844,0.271986022,0.247851563,3.749268863,0.948222566,166.5908915,5.39640422
PR,2016,4.919862518,0.576030232,0.283598266,0.256798686,3.776906239,0.95045045,168.1530576,5.4066247
PR,2017,4.921282112,0.468625147,0.290624269,0.273933649,3.73115458,0.950815851,168.9298859,5.413308487
RI,2006,4.64021292,0.733981965,0.512137078,0.623478883,3.748626045,0.925617871,167.3872956,5.500019752
RI,2007,2.565217391,0.763831544,0.354304636,0.603698811,3.683471074,0.912613355,238.2201154,6.678276999
RI,2008,4.685077951,0.730287722,0.502313285,0.603698811,3.736353591,0.924192485,167.2575691,5.490620886
RI,2010,4.733645615,0.717680608,0.502381708,0.592345561,3.754581673,0.923076923,169.9966746,5.486883083
RI,2011,4.72197615,0.73851827,0.505124451,0.62696783,3.703945223,0.906214506,170.674001,5.505999569
RI,2012,4.770550678,0.752603162,0.48728482,0.620614899,3.71126624,0.899942163,170.950154,5.512686041
RI,2013,4.812556541,0.732044689,0.488728129,0.61697442,3.727820283,0.898900032,172.5222868,5.504521964
RI,2014,4.799680625,0.759831933,0.476182197,0.629213483,3.772119777,0.95864156,171.6612443,5.507267036
RI,2015,4.83310153,0.724292683,0.474440604,0.607162434,3.783856023,0.954932576,172.3692199,5.509648194
RI,2016,4.818681319,0.750406504,0.480939625,0.628891656,3.762303451,0.957697783,173.9393878,5.52344753
RI,2017,4.855179704,0.745355876,0.475144739,0.618535794,3.767158309,0.95601173,175.9358299,5.535677134
SC,2006,4.710978604,0.739536493,0.493929934,0.444187124,3.459952607,0.868731223,175.7570836,5.56214006
SC,2007,2.263565891,0.767584098,0.286152797,0.397940075,3.337421163,0.839346494,232.122962,6.292261096
SC,2008,4.743383199,0.704041451,0.469657541,0.397940075,3.531366493,0.862437708,177.1943496,5.545474145
SC,2010,4.807896221,0.694277444,0.472228418,0.37562772,3.553484142,0.869908747,179.1608647,5.54599963
SC,2011,4.812051282,0.727402674,0.479799207,0.449465333,3.504840712,0.847260385,179.6897939,5.553753488
SC,2012,4.808884037,0.728103828,0.475309154,0.437677054,3.504009355,0.850896586,179.4847546,5.555865808
SC,2013,4.83649635,0.723635236,0.468573131,0.453527883,3.537576839,0.869063905,179.6195525,5.561089494
SC,2014,4.842596268,0.738721444,0.473658345,0.44470821,3.551946781,0.887958418,180.4806402,5.56678487
SC,2015,4.846967003,0.727272727,0.459125386,0.451886792,3.541643272,0.905982118,180.5992293,5.573217726
SC,2016,4.838687358,0.708246247,0.467080384,0.46246452,3.559569934,0.912882034,181.2926667,5.561379376
SC,2017,4.863668808,0.708043193,0.456721376,0.455465185,3.585797665,0.91512597,182.0661196,5.568282289
SD,2006,4.289719626,0.740082513,0.471260718,0.51757595,3.445563861,0.887740499,176.060241,5.584390192
SD,2007,2.4125,0.81013363,0.408026756,0.527840312,3.261682243,0.83277592,261.3016138,6.242858468
SD,2008,4.330874605,0.702048139,0.489364889,0.527840312,3.449891741,0.895745956,178.9435315,5.591089035
SD,2010,4.359360152,0.711493354,0.46697003,0.504942727,3.492460699,0.899420335,179.0334427,5.577251654
SD,2011,4.423268625,0.724860154,0.485546925,0.541057071,3.472758081,0.918746816,178.3705726,5.581608904
SD,2012,4.38197832,0.766626683,0.487666801,0.545269721,3.466119097,0.9104378,180.3540695,5.600106567
SD,2013,4.418537524,0.749363057,0.476315383,0.551433915,3.485749883,0.914329268,182.0365817,5.607050698
SD,2014,4.421561447,0.781945237,0.468277066,0.540520665,3.517231266,0.932312536,181.0786997,5.6024261
SD,2015,4.517407523,0.770276533,0.462207558,0.529198185,3.540360442,0.94341304,181.1225185,5.594666667
SD,2016,4.468945869,0.802560772,0.455076286,0.544625902,3.539688568,0.941996654,182.6215464,5.607485011
SD,2017,4.547024952,0.738393282,0.465565164,0.489287965,3.535441658,0.937328454,185.5729705,5.606123949
TN,2006,4.733139253,0.671285237,0.486492948,0.254155625,3.670950533,0.883687604,175.7967072,5.551976457
TN,2007,1.512820513,0.7,0.32684166,0.25334182,3.573994867,0.850973751,232.0549915,5.948322053
TN,2008,4.767114523,0.676619008,0.465194532,0.25334182,3.67198808,0.874159664,176.2752467,5.538036252
TN,2010,4.795035728,0.662002946,0.435376662,0.207702374,3.717638294,0.882894495,176.2821126,5.522711937
TN,2011,4.803639121,0.613627855,0.465949821,0.260151545,3.703272727,0.886839749,177.2825232,5.527951513
TN,2012,4.80179471,0.68037355,0.490223464,0.325563081,3.667535254,0.865973164,178.4502334,5.556580334
TN,2013,4.816956078,0.60883599,0.491947853,0.324756335,3.647332218,0.867969321,179.942206,5.55170161
TN,2014,4.811584699,0.687915282,0.48489426,0.351186588,3.67544784,0.910131059,178.2688395,5.550307937
TN,2015,4.809284566,0.685883514,0.484165425,0.348644578,3.618620303,0.917016999,182.1641764,5.570912293
TN,2016,4.768975682,0.700511193,0.476207642,0.410587593,3.573746845,0.915443128,182.7888713,5.586664319
TN,2017,4.78578806,0.686895161,0.484166349,0.426456263,3.561026616,0.89038282,184.2161308,5.595660658
TX,2006,4.858411445,0.700016059,0.436182199,0.432240349,3.434703947,0.806472388,173.4934253,5.525216485
TX,2007,2.452914798,0.735646802,0.281193161,0.461444681,3.354856822,0.691636364,252.2922267,5.917029907
TX,2008,4.876450652,0.701194816,0.436585366,0.461444681,3.511589404,0.843306288,173.2286524,5.519071226
TX,2010,4.878195674,0.695730716,0.427587873,0.438225338,3.412446352,0.832288401,174.6466134,5.514974858
TX,2011,4.886128364,0.719567519,0.432830408,0.490052437,3.421013906,0.836371528,174.7120196,5.528306535
TX,2012,4.871642154,0.736050231,0.411390124,0.48785792,3.45356319,0.80735905,175.8179023,5.53949391
TX,2013,4.873203905,0.696890911,0.399337543,0.474470085,3.539218766,0.813818994,175.8774317,5.531398045
TX,2014,4.873851295,0.734316276,0.395345357,0.485601697,3.555993163,0.859721618,177.4036201,5.53657364
TX,2015,4.860118015,0.694505868,0.40665874,0.460382186,3.56741573,0.871509244,177.9295666,5.534299387
TX,2016,4.846692991,0.717787378,0.408621854,0.484096878,3.599367271,0.889746002,179.1152584,5.547227172
TX,2017,4.868301812,0.686365842,0.391312402,0.48535802,3.557676272,0.870054446,179.3183009,5.536052116
UT,2006,4.637117992,0.793539326,0.301083902,0.283848935,3.222520107,0.885272252,173.0254254,5.602035369
UT,2007,3.055555556,0.832853026,0.322115385,0.287198589,3.08145927,0.867752755,291.8487315,6.746689006
UT,2008,4.691868478,0.780172414,0.304450108,0.287198589,3.283119004,0.898119122,175.5348837,5.61727249
UT,2010,4.691256831,0.804561949,0.278037626,0.267089134,3.367643912,0.892734643,175.0473281,5.60753245
UT,2011,4.702851164,0.805164522,0.28868476,0.289450588,3.286777432,0.87111334,175.4975439,5.610780396
UT,2012,4.681921199,0.820495361,0.275998964,0.276234968,3.341605582,0.886050077,175.4807676,5.603641278
UT,2013,4.700791604,0.792413066,0.27810102,0.281678227,3.336362857,0.888613042,176.2748495,5.616685914
UT,2014,4.686698424,0.834972911,0.261894369,0.28520356,3.325619104,0.904513641,177.5487892,5.625949668
UT,2015,4.718929833,0.797310857,0.262883109,0.283364158,3.334679007,0.919858967,178.3739436,5.628905137
UT,2016,4.705714286,0.825239838,0.256319871,0.277614363,3.3942239,0.92534946,179.4278799,5.634294935
UT,2017,4.757471392,0.794931129,0.254746664,0.286387033,3.352824579,0.902907413,179.8158063,5.637140927
VT,2006,4.676532138,0.802577014,0.512843356,0.628584163,3.416157401,0.906721943,168.4429669,5.546234732
VT,2007,2.344827586,0.874164811,0.309284116,0.629697806,3.272116461,0.908685969,234.8453838,6.797043011
VT,2008,4.728294335,0.791641151,0.517432038,0.629697806,3.479320988,0.922617223,170.6754359,5.55448914
VT,2010,4.769076305,0.795868401,0.50445195,0.613838601,3.495057152,0.94118548,171.5134433,5.551430899
VT,2011,4.740566038,0.792765637,0.498372299,0.633684532,3.529832936,0.937712177,171.4615271,5.541072042
VT,2012,4.746610319,0.804415316,0.496675997,0.633876907,3.516573622,0.928349448,171.1977606,5.550358886
VT,2013,4.76956827,0.782525621,0.491912623,0.624979044,3.518763432,0.932089674,172.7023673,5.554639456
VT,2014,4.752254552,0.813280736,0.483925265,0.651304642,3.521370364,0.947714568,173.9191671,5.574766355
VT,2015,4.768501966,0.792878548,0.481006247,0.625191489,3.558873144,0.952555352,175.121931,5.571872926
VT,2016,4.75466893,0.798420273,0.485518165,0.642712551,3.562656016,0.959143328,176.199803,5.571991463
VT,2017,4.777878022,0.790147608,0.473846154,0.636142907,3.545193929,0.95092639,176.1803197,5.572039072
VI,2006,4.641641642,0.71419292,0.238265971,0.451422964,3.428101349,0.730856957,173.2775616,5.536559663
VI,2007,2.76,0.662676823,0.171210469,0.469120135,3.502217295,0.740217391,239.8266522,5.455940773
VI,2008,4.739167739,0.682318105,0.209459459,0.469120135,3.485042735,0.757934829,172.5082036,5.535794419
VI,2010,4.79342723,0.705106139,0.20310702,0.431687715,3.500582751,0.77139575,173.7052089,5.528715894
VI,2016,4.734729494,0.759966777,0.193712829,0.446074202,3.547759932,0.818181818,176.079668,5.524550484
VA,2006,4.687315634,0.75608343,0.477087379,0.487567988,3.456031904,0.909090909,174.8728569,5.575338727
VA,2007,2.704918033,0.813499112,0.356376639,0.48075005,3.41686747,0.885139136,239.9893491,6.868786982
VA,2008,4.744582665,0.726784649,0.463395173,0.48075005,3.541564792,0.918225229,174.9924543,5.556046465
VA,2010,4.770812131,0.717300418,0.466133866,0.474904253,3.656590085,0.905634083,176.9791377,5.560517253
VA,2011,4.803100775,0.742297872,0.460019582,0.518422418,3.60806345,0.895498131,176.5335064,5.56955487
VA,2012,4.792455621,0.768078364,0.446983011,0.528674628,3.619844415,0.906376226,175.5572662,5.567697842
VA,2013,4.787140903,0.741376978,0.454816931,0.519633508,3.583130055,0.894537656,177.1390987,5.575203508
VA,2014,4.803807755,0.755288029,0.445560559,0.501974907,3.630799043,0.915980602,178.2466861,5.577566839
VA,2015,4.812236287,0.746464117,0.434412698,0.525367412,3.656068635,0.927867216,179.0047287,5.578231293
VA,2016,4.782902137,0.766646452,0.426385289,0.526047495,3.644479921,0.930037653,179.7849098,5.588349279
VA,2017,4.816588645,0.745698351,0.435891518,0.54844735,3.627541059,0.929219601,180.3117221,5.585294561
WA,2006,4.882520583,0.808908046,0.48298093,0.572774397,3.407040044,0.899388599,173.9692225,5.567503402
WA,2007,2.936936937,0.83983186,0.295431472,0.572907841,3.313904705,0.862509065,246.2971329,6.716731827
WA,2008,4.887647336,0.79368352,0.471811765,0.572907841,3.438667632,0.907483823,175.6302018,5.571002824
WA,2010,4.901058721,0.80289635,0.468045727,0.579104802,3.431795442,0.907390338,176.4071869,5.573682217
WA,2011,4.908249467,0.793386011,0.464544664,0.589244936,3.42945874,0.901858682,176.4912395,5.575558199
WA,2012,4.88583613,0.808998829,0.459209887,0.604375697,3.396218428,0.893032249,176.956836,5.587607279
WA,2013,4.888162457,0.805429864,0.44035728,0.59559888,3.432330097,0.891922748,177.2513755,5.58992601
WA,2014,4.891771117,0.824749947,0.428555929,0.608303445,3.480633612,0.946683728,177.8632597,5.58709626
WA,2015,4.904373772,0.815956221,0.434679666,0.59606222,3.47681888,0.94964078,177.1959782,5.586281527
WA,2016,4.886975929,0.828786235,0.429054852,0.603476887,3.472896313,0.949852507,179.3822233,5.599423687
WA,2017,4.903183141,0.809582095,0.433056168,0.595315998,3.454522336,0.945362029,179.0887633,5.60610594
WV,2006,4.665103448,0.726923077,0.511525796,0.318131868,3.576718093,0.874348422,178.2325199,5.557604424
WV,2007,2.372093023,0.74025974,0.286245353,0.284394507,3.410596026,0.785315985,229.1920223,5.839904143
WV,2008,4.679151061,0.667249563,0.514992504,0.284394507,3.642966361,0.875936096,179.4203441,5.551130225
WV,2010,4.729476716,0.652777778,0.510419162,0.234236394,3.63869863,0.877247662,178.0624701,5.541586884
WV,2011,4.715587045,0.631557708,0.503613007,0.285336049,3.618531397,0.846369836,180.7397397,5.556139473
WV,2012,4.685452418,0.682259317,0.522576878,0.298568908,3.624504362,0.863751215,180.8379585,5.563619898
WV,2013,4.73793602,0.677303047,0.50996796,0.325085171,3.588657574,0.855249205,182.8981285,5.567193385
WV,2014,4.745654793,0.709397344,0.515630368,0.321954601,3.655499914,0.93071161,183.3099286,5.570667573
WV,2015,4.762734331,0.69408018,0.502386197,0.341812105,3.673993351,0.938946601,185.4653573,5.589819361
WV,2016,4.748779744,0.717054846,0.504473086,0.363650237,3.66301203,0.944737238,186.2621228,5.581807036
WV,2017,4.78161381,0.679241517,0.51030422,0.352476811,3.654227868,0.937512167,186.845481,5.571444768
WI,2006,4.46306628,0.782608696,0.485950773,0.648684211,3.469545958,0.906910835,176.9517706,5.584401477
WI,2007,2.8375,0.819193324,0.315838365,0.62671847,3.327691584,0.906264501,247.2206769,6.407433163
WI,2008,4.54157847,0.743996442,0.511862396,0.62671847,3.458527074,0.904634581,178.8028148,5.578888889
WI,2010,4.636510501,0.744040989,0.484598214,0.602748986,3.558870056,0.91357749,178.9027159,5.566933808
WI,2011,4.660552486,0.756523614,0.491909385,0.640809069,3.528,0.897472194,179.092559,5.583635814
WI,2012,4.660464144,0.774407393,0.483455882,0.62021408,3.558650132,0.909054326,181.1818729,5.58279861
WI,2013,4.668909091,0.741567018,0.48459617,0.626257545,3.535353535,0.912011624,181.2025744,5.585264146
WI,2014,4.706086408,0.781826361,0.458268934,0.635460332,3.547075714,0.94415253,182.5525094,5.594893883
WI,2015,4.734108527,0.766546558,0.462763135,0.635862804,3.568352879,0.952281798,181.2888312,5.587662338
WI,2016,4.673828125,0.789517471,0.459287532,0.658136063,3.578505458,0.942010847,183.0334789,5.59844389
WI,2017,4.750874306,0.775473218,0.441570881,0.669191919,3.572730725,0.947051065,182.1179343,5.597621283
WY,2006,4.461143224,0.769621324,0.476291279,0.541313559,3.206154508,0.854722575,173.3949314,5.59436818
WY,2007,2.972972973,0.823325635,0.326967593,0.525882353,3.080493537,0.837290098,248.5903058,6.693594922
WY,2008,4.52904837,0.73529028,0.476184262,0.525882353,3.246830428,0.878297206,174.5496939,5.583387608
WY,2010,4.542898868,0.738544474,0.485405405,0.504324324,3.27164779,0.88790932,174.4161881,5.573986001
WY,2011,4.550931877,0.73984127,0.48903442,0.550872093,3.249227441,0.868108437,174.3637881,5.583611575
WY,2012,4.582787168,0.751462477,0.463414634,0.509131251,3.371952274,0.878240508,174.6035029,5.578718376
WY,2013,4.602780191,0.739070568,0.465112434,0.491263105,3.383113633,0.885272579,175.7639812,5.57710596
WY,2014,4.589586255,0.740442656,0.454121306,0.475850044,3.39944951,0.917603625,175.1275493,5.572467402
WY,2015,4.605767162,0.725936968,0.45613678,0.504602168,3.399133663,0.920152091,176.8327686,5.587303169
WY,2016,4.621399177,0.742789035,0.454435873,0.512384653,3.456033219,0.922399429,178.1172135,5.600570613
WY,2017,4.634110064,0.727877742,0.446519525,0.535190616,3.404796867,0.906385022,179.6462569,5.610739058
AL,2004,4.759780149,0.686331776,0.456299328,0.372249927,3.686331776,0.847413037,175.5417153,5.55321373
AL,2005,4.759780149,0.680795566,0.463772846,0.348336595,3.565723794,0.860594189,174.1691656,5.538651673
AL,2009,4.819708847,0.651517486,0.449033256,0.309353636,3.674144964,0.87629184,178.1588425,5.527730748
AK,2004,4.543103448,0.789265983,0.527755749,0.561452514,3.789265983,0.832142857,175.4311637,5.596022354
AK,2005,4.543103448,0.779368576,0.518791452,0.579507896,3.216558068,0.821402214,177.6016856,5.594082081
AK,2009,4.630853994,0.768669528,0.528626776,0.550693241,3.325591782,0.821397757,177.8229256,5.583761049
AZ,2004,4.703172738,0.773650208,0.468533087,0.538354577,3.773650208,0.865895954,167.3032749,5.544741697
AZ,2005,4.703172738,0.758172965,0.478725878,0.525742115,3.45458857,0.856579253,169.2970343,5.536762434
AZ,2009,4.746052632,0.753875969,0.492424242,0.493247211,3.515918529,0.899146625,172.7876089,5.543739916
AR,2004,4.512629162,0.720580744,0.503062787,0.393413327,3.720580744,0.840978593,172.627446,5.559720457
AR,2005,4.512629162,0.681437126,0.495403677,0.364415222,3.310373104,0.849670593,175.7850318,5.567194135
AR,2009,4.695455753,0.657074974,0.504235045,0.357486631,3.457312147,0.876683391,177.7814971,5.553395713
CA,2004,4.89107413,0.793151319,0.423246122,0.594569506,3.793151319,0.871729567,167.588385,5.537116304
CA,2005,4.89107413,0.786871414,0.412022965,0.594599156,3.392429241,0.879243371,168.481944,5.535352683
CA,2009,4.901593726,0.788458026,0.418040118,0.549198505,3.54647208,0.89507038,169.3579646,5.517986487
CO,2004,4.732298912,0.820426883,0.46830302,0.622942114,3.820426883,0.872682324,166.3714286,5.588124633
CO,2005,4.732298912,0.83365673,0.465770387,0.622971066,3.385531301,0.883298023,166.7545406,5.57829307
CO,2009,4.763500047,0.811583966,0.459605345,0.582157401,3.392509772,0.894760095,168.6096572,5.567898787
CT,2004,4.744225499,0.8159531,0.498040613,0.661491792,3.8159531,0.930629669,167.0195105,5.546514722
CT,2005,4.744225499,0.760488798,0.497645855,0.646160114,3.562293729,0.922763399,169.1526252,5.54451567
CT,2009,4.81689243,0.755570118,0.482735942,0.633884298,3.609056228,0.932928829,169.516784,5.533554391
DE,2004,4.781501689,0.768,0.504392765,0.55587244,3.768,0.918583613,171.3658411,5.5625215
DE,2005,4.781501689,0.741323346,0.512743628,0.535982009,3.723119637,0.925870273,173.9063904,5.554085538
DE,2009,4.882220555,0.741578441,0.518089725,0.526925863,3.727802038,0.930719269,175.029341,5.529020362
DC,2004,4.805745554,0.807597608,0.424488356,0.656869688,3.807597608,0.918776371,167.7620387,5.587434095
DC,2005,4.805745554,0.799265951,0.441234778,0.656302996,3.588218473,0.934690416,168.0070562,5.586273403
DC,2009,4.839543106,0.797680065,0.448752711,0.637637363,3.656232989,0.95008095,169.0029634,5.561938757
FL,2004,4.701620207,0.747039668,0.496732997,0.533472181,3.747039668,0.844876168,169.7747708,5.54478458
FL,2005,4.701620207,0.720999099,0.515045848,0.516685994,3.556638567,0.849193028,169.5371061,5.53221865
FL,2009,4.781452281,0.71434836,0.515530136,0.455333214,3.634791908,0.864841144,173.2946429,5.538581057
GA,2004,4.720792079,0.706639004,0.438643927,0.419704228,3.706639004,0.854530341,174.4701493,5.572553897
GA,2005,4.720792079,0.702380952,0.465430601,0.409436571,3.504973357,0.863683483,173.3138472,5.544634132
GA,2009,4.81496063,0.71336669,0.448405589,0.404007286,3.640021751,0.871735242,175.8867285,5.555565466
HI,2005,4.878549655,0.811171925,0.461749516,0.517730496,3.452416542,0.92259313,160.0383129,5.452994205
HI,2009,4.879987334,0.805876979,0.457811067,0.504227517,3.366651098,0.943868212,162.442296,5.455224827
ID,2004,4.593818985,0.792919304,0.428854146,0.468570295,3.792919304,0.856236367,171.7883932,5.587840505
ID,2005,4.593818985,0.773602369,0.431771894,0.45839497,3.205642871,0.850555556,173.2994089,5.573897919
ID,2009,4.64199815,0.759078485,0.42192691,0.42112537,3.276482213,0.872215709,175.0892614,5.577242903
IL,2004,4.721836735,0.759101472,0.450645995,0.570725389,3.759101472,0.897362978,170.5339355,5.556903226
IL,2005,4.721836735,0.743064182,0.462160481,0.565748602,3.522004633,0.910506645,172.2637135,5.549109915
IL,2009,4.821499801,0.750043821,0.45826026,0.55708731,3.487809187,0.916856692,175.4490011,5.553978268
IN,2004,4.681668857,0.743769344,0.478090894,0.49492801,3.743769344,0.876694431,173.7529259,5.566590811
IN,2005,4.681668857,0.721866767,0.50254381,0.490137141,3.307986244,0.876012813,174.2222639,5.559867968
IN,2009,4.785714286,0.680349246,0.498920822,0.435832567,3.427018989,0.878217485,178.8822531,5.545762169
IA,2004,4.706937799,0.780133001,0.43169058,0.554928989,3.780133001,0.914273824,173.3821696,5.582969659
IA,2005,4.706937799,0.746932834,0.469387755,0.535803497,3.520762712,0.919375,175.3800125,5.575940162
IA,2009,4.806707855,0.727015058,0.441233824,0.534310222,3.570134107,0.930104666,177.6382301,5.575678466
KS,2004,4.535882728,0.754426389,0.433616505,0.466601776,3.754426389,0.895043732,172.5912232,5.582080656
KS,2005,4.535882728,0.740776936,0.448604993,0.430319344,3.541859014,0.906678082,172.9692233,5.568280817
KS,2009,4.669789227,0.741076863,0.44877697,0.457072954,3.587707849,0.915776067,177.6701134,5.565261266
KY,2004,4.59715994,0.657646117,0.494949495,0.237191958,3.657646117,0.847975676,172.8350911,5.538324278
KY,2005,4.59715994,0.637355686,0.544490184,0.256450847,3.542152391,0.851353491,174.2919431,5.523222749
KY,2009,4.698374634,0.62900946,0.530630041,0.273318633,3.496772039,0.870616423,177.6392391,5.507835145
LA,2004,4.798024996,0.682561945,0.435027585,0.408172907,3.682561945,0.782833021,173.2033879,5.544450935
LA,2005,4.798024996,0.650017838,0.449551167,0.42027947,3.628613788,0.80278671,175.7599857,5.53717903
LA,2009,4.864277145,0.680211392,0.476246472,0.414041298,3.672259907,0.85685768,178.4069904,5.524161389
ME,2004,4.614114514,0.777908343,0.538823529,0.574682047,3.777908343,0.886403767,171.6099208,5.557284023
ME,2005,4.614114514,0.763607257,0.529301579,0.566622163,3.5429034,0.886868147,171.0173333,5.553266667
ME,2009,4.768902675,0.762856038,0.527792141,0.556074766,3.576962944,0.911518122,173.8779107,5.542283117
MD,2004,4.800811509,0.771638606,0.447899359,0.596954556,3.771638606,0.913744076,170.7600568,5.558151917
MD,2005,4.800811509,0.76078719,0.450963545,0.577177104,3.574404762,0.913820541,172.5819492,5.554622618
MD,2009,4.862910798,0.742102028,0.447277655,0.554825105,3.635660848,0.923247232,175.0428326,5.546207658
MA,2004,4.543271768,0.770762379,0.48753608,0.641174148,3.770762379,0.918206842,167.5555701,5.536130384
MA,2005,4.543271768,0.737982232,0.497371959,0.613453571,3.644140817,0.912058465,167.8073227,5.524520537
MA,2009,4.643088858,0.739971624,0.498024995,0.580001335,3.728616066,0.959961253,169.5732053,5.507255016
MI,2004,4.844411437,0.772545722,0.498421385,0.57950232,3.772545722,0.908612339,173.9151261,5.564810924
MI,2005,4.844411437,0.760768835,0.503829275,0.552674508,3.571804083,0.904340352,174.6416631,5.550450064
MI,2009,4.854327437,0.719632528,0.500625498,0.511259191,3.588282875,0.904994325,178.7286734,5.544598014
MN,2004,4.729663906,0.834537404,0.49111319,0.649462868,3.834537404,0.934250408,173.8966721,5.597122023
MN,2005,4.729663906,0.823379461,0.500366032,0.632883704,3.49981502,0.948652586,173.3819571,5.571450224
MN,2009,4.845709472,0.813873252,0.462966333,0.58175528,3.645821905,0.945292621,173.8429842,5.555681612
MS,2004,4.618356643,0.6662,0.436359992,0.34796617,3.6662,0.83370022,176.9786385,5.55661476
MS,2005,4.618356643,0.647460019,0.465220467,0.33693609,3.443818849,0.846045198,178.2880282,5.547789515
MS,2009,4.751502482,0.649669059,0.46844071,0.298501837,3.535186961,0.866654233,180.4969274,5.547563625
MO,2004,4.452734375,0.723637129,0.491889614,0.458263069,3.723637129,0.879426644,174.3621633,5.571934624
MO,2005,4.452734375,0.713432836,0.507670851,0.446634807,3.378781684,0.88789327,177.072409,5.565131623
MO,2009,4.567266328,0.701836735,0.498671028,0.430285478,3.460771841,0.897608829,178.3697959,5.555289116
MT,2004,4.501607143,0.784497091,0.479157982,0.582080201,3.784497091,0.821168642,171.968432,5.590740741
MT,2005,4.501607143,0.759838332,0.498933447,0.548490004,3.309868421,0.806300553,173.1320875,5.596234162
MT,2009,4.533122575,0.73964979,0.485248131,0.546714227,3.303931102,0.86876105,175.9232438,5.59497333
NE,2004,4.379379513,0.776874327,0.435516705,0.556235746,3.776874327,0.897162696,173.6284793,5.583184008
NE,2005,4.379379513,0.747623273,0.45583937,0.523416677,3.407821965,0.895090702,175.7180299,5.58180341
NE,2009,4.457124519,0.709664848,0.422086368,0.51312241,3.370818839,0.914445456,178.6517,5.579229388
NV,2004,4.686113643,0.788200806,0.520497804,0.627796113,3.788200806,0.839442815,171.5111436,5.609091463
NV,2005,4.686113643,0.774161074,0.534946237,0.610663984,3.32264882,0.852773109,173.0211197,5.61202369
NV,2009,4.783502329,0.756256801,0.53414966,0.527777778,3.467973495,0.874557823,172.8627717,5.571942935
NH,2004,4.298666186,0.802079002,0.518449031,0.651638489,3.802079002,0.893161505,170.501868,5.563027536
NH,2005,4.298666186,0.775528015,0.529679566,0.626615438,3.545278023,0.902831178,170.9813394,5.556577724
NH,2009,4.437325419,0.762854145,0.504036504,0.620003522,3.608987969,0.911764706,172.683677,5.538375277
NJ,2004,4.756526147,0.759210882,0.470800614,0.618939942,3.759210882,0.908566276,169.1769736,5.539952591
NJ,2005,4.756526147,0.720329583,0.480951245,0.593450163,3.593126925,0.906197921,169.1660333,5.533696226
NJ,2009,4.843890588,0.726442976,0.467405533,0.5744907,3.688194812,0.915927665,171.2630893,5.522387196
NM,2004,4.807660828,0.781496063,0.471921182,0.523856532,3.781496063,0.822416063,166.5223881,5.521608988
NM,2005,4.807660828,0.745679012,0.48069241,0.502373268,3.387267385,0.827343601,167.3544712,5.5156161
NM,2009,4.865612648,0.753920528,0.477439168,0.468634245,3.410792416,0.856586402,169.7696748,5.510171222
NY,2004,4.770763501,0.756587202,0.482684371,0.604361932,3.756587202,0.902478448,167.4850546,5.530248792
NY,2005,4.770763501,0.746457766,0.503828275,0.597846825,3.534563481,0.91581389,168.3817811,5.524439157
NY,2009,4.816891065,0.737074882,0.505734822,0.575532901,3.611315547,0.924813177,171.1265592,5.528229896
NC,2004,4.815059082,0.749485049,0.469466192,0.388746073,3.749485049,0.861201875,173.3155691,5.559413142
NC,2005,4.815059082,0.73786767,0.482402425,0.400938156,3.607201104,0.869613533,174.0951442,5.548527237
NC,2009,4.868119266,0.718260593,0.495814398,0.417268496,3.587552743,0.880700358,175.8594011,5.55616014
ND,2004,4.350350124,0.769390582,0.451456311,0.609586662,3.769390582,0.886111111,174.7070218,5.58722472
ND,2005,4.350350124,0.748366867,0.468268477,0.572248305,3.356897008,0.897549531,175.6783763,5.579083182
ND,2009,4.468181818,0.703301573,0.460239893,0.570980743,3.431910112,0.922103862,177.6260235,5.566902707
OH,2004,4.570515163,0.70216763,0.489355539,0.509604191,3.70216763,0.867468134,174.7702195,5.542232332
OH,2005,4.570515163,0.716214335,0.502790179,0.528789986,3.481286466,0.890746934,174.799333,5.549089772
OH,2009,4.702670036,0.711709778,0.481075269,0.48815576,3.547132714,0.907588279,177.5801543,5.549873196
OK,2004,4.707717817,0.709628042,0.48957375,0.392758089,3.709628042,0.834329502,172.702157,5.558870022
OK,2005,4.707717817,0.659984756,0.524434942,0.344593564,3.286046885,0.837908097,174.6844671,5.554486935
OK,2009,4.749829491,0.656130142,0.50873478,0.366467066,3.332780083,0.870434092,177.0913773,5.547515296
OR,2004,4.886123348,0.825311203,0.467624401,0.564936419,3.825311203,0.854439592,171.7189055,5.59834508
OR,2005,4.886123348,0.813118812,0.487391227,0.577045696,3.379878104,0.876415428,172.3630984,5.566286875
OR,2009,4.905950096,0.7997558,0.484313725,0.569180819,3.411911912,0.885161606,174.160283,5.580934374
PA,2004,4.430097008,0.752030413,0.47631397,0.563140525,3.752030413,0.904597304,170.7058621,5.543922414
PA,2005,4.430097008,0.716442557,0.502600883,0.517097712,3.481906584,0.899440901,173.3062009,5.534805076
PA,2009,4.605652759,0.711141678,0.492998163,0.509506144,3.560604313,0.917756366,174.8721409,5.53068771
PR,2004,4.860438293,0.530239833,0.2704747,0.296257524,3.530239833,0.937663015,161.8548345,5.384523499
PR,2005,4.860438293,0.492894957,0.290259559,0.348214286,3.621811785,0.942849178,163.0064085,5.383324046
PR,2009,4.90587886,0.511488511,0.300424894,0.208385639,3.736388959,0.942571785,163.7997503,5.382168123
RI,2004,4.64021292,0.75349087,0.525692763,0.645169995,3.75349087,0.907990315,164.8961353,5.519055287
RI,2005,4.64021292,0.729590453,0.515909709,0.612649294,3.725806452,0.914355628,166.7993492,5.505535973
RI,2009,4.733645615,0.7185,0.494994995,0.597948545,3.731155779,0.914815433,169.6506325,5.498821016
SC,2004,4.710978604,0.755179457,0.479099678,0.468512009,3.755179457,0.864426589,172.975965,5.567152221
SC,2005,4.710978604,0.727418164,0.491115499,0.455250523,3.483944663,0.85367357,175.761407,5.571588161
SC,2009,4.807896221,0.702546544,0.482336519,0.392266983,3.544051658,0.876900021,178.1693342,5.555306587
SD,2004,4.289719626,0.785774482,0.464508515,0.54251355,3.785774482,0.89826219,174.8598383,5.587938005
SD,2005,4.289719626,0.745520253,0.474566038,0.538751508,3.456615385,0.895126,175.9769648,5.587712035
SD,2009,4.359360152,0.702901889,0.485709896,0.513668841,3.52331443,0.895820529,178.7846839,5.568958461
TN,2004,4.733139253,0.701971831,0.481512842,0.32197615,3.701971831,0.904171364,173.4503237,5.555891735
TN,2005,4.733139253,0.647504456,0.48146494,0.317999107,3.644044637,0.888146168,175.2533957,5.559971795
TN,2009,4.795035728,0.657578646,0.463842778,0.204873294,3.695173745,0.889122137,176.799619,5.523095238
TX,2004,4.858411445,0.753856821,0.421381465,0.512161223,3.753856821,0.799097065,172.4509261,5.545222434
TX,2005,4.858411445,0.724987173,0.445131376,0.48895737,3.446936253,0.799587841,171.7456874,5.534785084
TX,2009,4.878195674,0.721578801,0.427177247,0.484348641,3.437758556,0.843320965,174.2942374,5.529044492
UT,2004,4.637117992,0.82189277,0.296957404,0.309349593,3.82189277,0.875101543,172.4637358,5.62560778
UT,2005,4.637117992,0.799266354,0.307801996,0.285801465,3.211489899,0.885516398,171.9054301,5.601755813
UT,2009,4.691256831,0.799854666,0.293983165,0.280325985,3.34516129,0.900405448,176.017722,5.613543718
VT,2004,4.676532138,0.808445532,0.517077654,0.644799508,3.808445532,0.903339461,166.8635808,5.554269783
VT,2005,4.676532138,0.795768169,0.526137761,0.623046276,3.393056417,0.90116636,168.7607531,5.551010256
VT,2009,4.769076305,0.780040417,0.513332294,0.620965215,3.469253638,0.932171749,170.8866987,5.547338196
VI,2004,4.641641642,0.719427245,0.207269915,0.496102884,3.719427245,0.73132017,170.4388267,5.531648012
VI,2005,4.641641642,0.711613745,0.231675393,0.496743378,3.427561837,0.730551934,172.44859,5.53615329
VI,2009,4.79342723,0.703407657,0.212658228,0.470012761,3.48830285,0.759188847,173.1796809,5.529946823
VA,2004,4.687315634,0.765815549,0.467812798,0.515876052,3.765815549,0.874259507,173.290826,5.575164954
VA,2005,4.687315634,0.753058104,0.477652024,0.502771937,3.591554777,0.903941829,174.4881725,5.569884268
VA,2009,4.770812131,0.736593384,0.481603969,0.472356527,3.618539443,0.914779745,176.1618735,5.576468776
WA,2004,4.882520583,0.813954818,0.471737132,0.57905036,3.813954818,0.87394669,172.2675734,5.576503981
WA,2005,4.882520583,0.815005701,0.484219688,0.589140561,3.503513753,0.890770495,173.7488609,5.57545866
WA,2009,4.901058721,0.783494891,0.472311333,0.572655427,3.428510113,0.90852827,176.8770535,5.57621377
WV,2004,4.665103448,0.73986182,0.517739026,0.281881218,3.73986182,0.842263697,175.0102102,5.555055055
WV,2005,4.665103448,0.705198954,0.51323059,0.294100552,3.540661305,0.846668606,176.1875726,5.546917344
WV,2009,4.729476716,0.638376384,0.501304348,0.253539534,3.660314647,0.874728143,179.0848708,5.54842269
WI,2004,4.46306628,0.792359972,0.487558685,0.655838041,3.792359972,0.904280339,173.7358314,5.579527713
WI,2005,4.46306628,0.77787307,0.494845361,0.647084048,3.459855611,0.900215054,176.1262053,5.586529534
WI,2009,4.636510501,0.752949504,0.487626679,0.620830334,3.477990431,0.908919302,180.8242638,5.592088732
WY,2004,4.461143224,0.789762797,0.480658847,0.564596895,3.789762797,0.845788553,170.8233242,5.598845419
WY,2005,4.461143224,0.766147456,0.497083333,0.53283458,3.171894871,0.849084097,172.8020336,5.588953448
WY,2009,4.542898868,0.747632983,0.487594762,0.523106324,3.26824595,0.887260817,174.4510141,5.583390627
VI,2017,4.734729494,0.759966777,0.193712829,0.446074202,3.547759932,0.818181818,176.079668,5.524550484
VI,2015,4.734729494,0.759966777,0.193712829,0.446074202,3.547759932,0.818181818,176.079668,5.524550484
VI,2014,4.734729494,0.759966777,0.193712829,0.446074202,3.547759932,0.818181818,176.079668,5.524550484
VI,2013,4.734729494,0.759966777,0.193712829,0.446074202,3.547759932,0.818181818,176.079668,5.524550484
VI,2012,4.734729494,0.759966777,0.193712829,0.446074202,3.547759932,0.818181818,176.079668,5.524550484
VI,2011,4.734729494,0.759966777,0.193712829,0.446074202,3.547759932,0.818181818,176.079668,5.524550484